[
  {
    "imageUrl": "https://b.zmtcdn.com/data/pictures/chains/6/246/e81f66522df2f3dbc3c9d0aa3ce0756d_o2_featured_v2.jpg?output-format=webp",
    "discountText": "50% OFF",
    "name": "Pizza Hut",
    "rating": 3.9,
    "diningRating": 3.3,
    "cuisine": ["Pizza", "Fast Food", "Italian"],
    "cost": 200,
    "deliveryTime": 25,
    "safeDelivery": true
  },
  {
    "imageUrl": "https://b.zmtcdn.com/data/pictures/3/18665943/e44d3d4d788c7535b1c4750134ae6917_o2_featured_v2.jpg?output-format=webp",
    "discountText": "50% OFF",
    "name": "The Big Chill Cakery",
    "rating": 4.3,
    "diningRating": 0,
    "cuisine": ["Bakery", "Desserts"],
    "cost": 200,
    "deliveryTime": 29,
    "safeDelivery": false
  },
  {
    "imageUrl": "https://b.zmtcdn.com/data/pictures/chains/1/931/73fb3feeb849e1ed0ceb2c36b0643f55_o2_featured_v2.jpg?output-format=webp",
    "discountText": "50% OFF",
    "name": "KFC",
    "rating": 4.2,
    "diningRating": 3.7,
    "cuisine": ["Burger", "Fast Food", "Biryani", "Desserts", "Beverages"],
    "cost": 200,
    "deliveryTime": 12,
    "safeDelivery": true
  },
  {
    "imageUrl": "https://b.zmtcdn.com/data/pictures/chains/2/18363082/ed2b2e9f365e35979823c269989813e5_o2_featured_v2.jpg?output-format=webp",
    "discountText": "50% OFF",
    "name": "Behrouz Biryani",
    "rating": 4.3,
    "diningRating": 0,
    "cuisine": ["Biryani", "Kebab", "North Indian"],
    "cost": 200,
    "deliveryTime": 33,
    "safeDelivery": true
  },
  {
    "imageUrl": "https://b.zmtcdn.com/data/pictures/chains/1/171/abcd31b911a095eaca9c859d5ceb8215_o2_featured_v2.jpg?output-format=webp",
    "discountText": "50% OFF",
    "name": "McDonald's",
    "rating": 4.3,
    "diningRating": 3.7,
    "cuisine": ["Burger", "Wraps", "Fast Food", "Beverages"],
    "cost": 200,
    "deliveryTime": 23,
    "safeDelivery": true
  },
  {
    "imageUrl": "https://b.zmtcdn.com/data/pictures/3/9643/55fde68112b34457355d5d6d04c3d0b4_o2_featured_v2.jpg?output-format=webp",
    "discountText": "50% OFF",
    "name": "Prem Dhaba",
    "rating": 4.1,
    "diningRating": 4.1,
    "cuisine": ["North Indian", "Mughlai", "Fast Food"],
    "cost": 200,
    "deliveryTime": 38,
    "safeDelivery": true
  },
  {
    "imageUrl": "https://b.zmtcdn.com/data/pictures/6/1896/ede1a524f77ea28bb253f94cc831fda1_o2_featured_v2.jpg?output-format=webp",
    "discountText": "50% OFF",
    "name": "Jain Chawal Wale",
    "rating": 4.2,
    "diningRating": 2.7,
    "cuisine": ["North Indian", "Chinese", "Street Food", "Beverages"],
    "cost": 200,
    "deliveryTime": 21,
    "safeDelivery": true
  },
  {
    "imageUrl": "https://b.zmtcdn.com/data/pictures/chains/7/6357/45b184027ac9b78247c3978eaa203cb1_o2_featured_v2.jpg?output-format=webp",
    "discountText": "50% OFF",
    "name": "Delhi Darbar Dhaba",
    "rating": 4.0,
    "diningRating": 0,
    "cuisine": ["North Indian", "Chinese", "Fast Food", "Mughlai"],
    "cost": 200,
    "deliveryTime": 25,
    "safeDelivery": true
  },
  {
    "imageUrl": "https://b.zmtcdn.com/data/pictures/6/19131716/3f6672bb9f90f90edac7427c549d6b05_o2_featured_v2.jpg?output-format=webp",
    "discountText": "50% OFF",
    "name": "Taco Bell",
    "rating": 4.1,
    "diningRating": 4.4,
    "cuisine": ["Mexican", "Fast Food", "Wraps"],
    "cost": 200,
    "deliveryTime": 19,
    "safeDelivery": true
  },
  {
    "imageUrl": "https://b.zmtcdn.com/data/pictures/chains/3/307893/2738bd3dfa84f54d62587a1f5af1c8fe_o2_featured_v2.jpg",
    "discountText": "50% OFF",
    "name": "Bikkgane Biryani",
    "rating": 4.1,
    "diningRating": 3.9,
    "cuisine": ["North Indian", "Biryani", "Hyderabadi", "Andhra", "Mughlai"],
    "cost": 250,
    "deliveryTime": 18,
    "safeDelivery": true
  },
  {
    "imageUrl": "https://b.zmtcdn.com/data/pictures/chains/8/310078/749216f498eb2ed21ffd317f4bdc8a1d_o2_featured_v2.jpg",
    "discountText": "50% OFF",
    "name": "Burger King",
    "rating": 4.2,
    "diningRating": 3.6,
    "cuisine": ["Burger", "Shake", "Fast Food", "Desserts"],
    "cost": 250,
    "deliveryTime": 23,
    "safeDelivery": true
  },
  {
    "imageUrl": "https://b.zmtcdn.com/data/pictures/2/20551982/fd160ef7fece200d9a9607bf1ee2a17c_o2_featured_v2.jpg",
    "discountText": "50% OFF",
    "name": "Bheemeshwara - A South Indian Delicacy",
    "rating": 4.1,
    "diningRating": 4.1,
    "cuisine": ["South Indian", "Biryani", "Andhra", "Desserts", "Beverages"],
    "cost": 250,
    "deliveryTime": 20,
    "safeDelivery": true
  },
  {
    "imageUrl": "https://b.zmtcdn.com/data/dish_photos/d17/14d8197b31ae36df0b697ba52b204d17.jpeg",
    "discountText": "50% OFF",
    "name": "Domino's Pizza",
    "rating": 4.2,
    "diningRating": 0,
    "cuisine": ["Pizza", "Fast Food"],
    "cost": 200,
    "deliveryTime": 30,
    "safeDelivery": false
  },
  {
    "imageUrl": "https://b.zmtcdn.com/data/dish_photos/7a3/002bd7f3bfb5170aa9f3d18b563527a3.jpeg",
    "discountText": "50% OFF",
    "name": "La Pino'z Pizza",
    "rating": 3.9,
    "diningRating": 4.2,
    "cuisine": ["Pizza", "Pasta", "Cafe", "Italian", "Beverages"],
    "cost": 200,
    "deliveryTime": 32,
    "safeDelivery": false
  },
  {
    "imageUrl": "https://b.zmtcdn.com/data/dish_photos/2eb/8ff6298e4fa4753949728cff53a272eb.jpeg",
    "discountText": "50% OFF",
    "name": "Dum Safar Biryani",
    "rating": 4.0,
    "diningRating": 0,
    "cuisine": [
      "Biryani",
      "North Indian",
      "Kebab",
      "BBQ",
      "Beverages",
      "Desserts"
    ],
    "cost": 150,
    "deliveryTime": 45,
    "safeDelivery": false
  },
  {
    "imageUrl": "https://b.zmtcdn.com/data/pictures/5/18216915/d210126e0c57566b0086fc2533f97492_o2_featured_v2.jpg",
    "discountText": "50% OFF",
    "name": "Biryani Blues",
    "rating": 4.2,
    "diningRating": 3.9,
    "cuisine": ["Biryani", "Hyderabadi", "Mughlai"],
    "cost": 200,
    "deliveryTime": 23,
    "safeDelivery": true
  },
  {
    "imageUrl": "https://b.zmtcdn.com/data/pictures/9/899/8eb9f40e1274e4e049dc6194b3139c13_o2_featured_v2.jpg",
    "discountText": "50% OFF",
    "name": "Saravana Bhavan",
    "rating": 4.3,
    "diningRating": 4.3,
    "cuisine": ["South Indian", "Desserts", "Juices", "Shake", "Beverages"],
    "cost": 150,
    "deliveryTime": 32,
    "safeDelivery": true
  },
  {
    "imageUrl": "https://b.zmtcdn.com/data/dish_photos/0d7/b918beb93ff4a7a41dcac37c61b5f0d7.jpg",
    "discountText": "20% OFF",
    "name": "Pind Balluchi",
    "rating": 4.0,
    "diningRating": 4.0,
    "cuisine": ["North Indian", "Desserts", "Mughlai", "Kebab", "Beverages"],
    "cost": 150,
    "deliveryTime": 26,
    "safeDelivery": true
  },
  {
    "imageUrl": "https://b.zmtcdn.com/data/dish_photos/23e/a0d3beb6d384daf96b25188e9fc6123e.jpg",
    "discountText": "50% OFF",
    "name": "Ghee and Turmeric",
    "rating": 4.2,
    "diningRating": 0,
    "cuisine": ["North Indian"],
    "cost": 150,
    "deliveryTime": 22,
    "safeDelivery": true
  },
  {
    "imageUrl": "https://b.zmtcdn.com/data/pictures/chains/3/17953943/816872e9f1fcc43304e21a0f050f5f21_o2_featured_v2.jpg",
    "discountText": "Flat ₹125 OFF + ₹25 cashback",
    "name": "The Burger Club",
    "rating": 4.1,
    "diningRating": 2.9,
    "cuisine": ["Burger", "Coffee", "Beverages", "Fast Food"],
    "cost": 350,
    "deliveryTime": 28,
    "safeDelivery": false
  },
  {
    "imageUrl": "https://b.zmtcdn.com/data/dish_photos/11d/6ccefed35fabf3a36bfb6a3fdf82a11d.jpg",
    "discountText": "50% OFF",
    "name": "Burgrill - The Win Win Burger",
    "rating": 4.3,
    "diningRating": 3.9,
    "cuisine": ["Burger", "Sandwich", "Wraps", "Fast Food"],
    "cost": 300,
    "deliveryTime": 27,
    "safeDelivery": true
  },
  {
    "imageUrl": "https://b.zmtcdn.com/data/dish_photos/017/70d49687a22a476c5665f7c42b494017.jpg",
    "discountText": "50% OFF",
    "name": "Wendy's Burgers",
    "rating": 4.1,
    "diningRating": 0,
    "cuisine": ["Burger", "American", "Fast Food"],
    "cost": 300,
    "deliveryTime": 40,
    "safeDelivery": true
  },
  {
    "imageUrl": "https://b.zmtcdn.com/data/dish_photos/0ab/b17eff82276818da94b99e648a3350ab.jpg",
    "discountText": "20% OFF",
    "name": "Cheesecake & Co.",
    "rating": 4.3,
    "diningRating": 0,
    "cuisine": ["Bakery"],
    "cost": 300,
    "deliveryTime": 17,
    "safeDelivery": true
  },
  {
    "imageUrl": "https://b.zmtcdn.com/data/dish_photos/72d/531045a77638cac803a773958ee4f72d.jpg",
    "discountText": "50% OFF",
    "name": "Choco La",
    "rating": 4.3,
    "diningRating": 3.9,
    "cuisine": ["Bakery", "Desserts", "Cake"],
    "cost": 300,
    "deliveryTime": 29,
    "safeDelivery": true
  },
  {
    "imageUrl": "https://b.zmtcdn.com/data/dish_photos/7a6/f696cfcac9217763bb4350f78ffd77a6.jpg",
    "discountText": "50% OFF",
    "name": "Theobroma",
    "rating": 4.4,
    "diningRating": 4.3,
    "cuisine": ["Bakery", "Desserts"],
    "cost": 300,
    "deliveryTime": 15,
    "safeDelivery": true
  },
  {
    "imageUrl": "https://b.zmtcdn.com/data/dish_photos/0ea/02d061df8fbc5fc044653cb6a9b570ea.jpeg",
    "discountText": "50% OFF",
    "name": "Havemore",
    "rating": 4.2,
    "diningRating": 4.1,
    "cuisine": ["North Indian", "Mughlai", "Biryani", "Beverages", "Chicken"],
    "cost": 450,
    "deliveryTime": 37,
    "safeDelivery": true
  },
  {
    "imageUrl": "https://b.zmtcdn.com/data/dish_photos/0ab/d6951b1369f0023f1c7a52356022e0ab.jpeg",
    "discountText": "50% OFF",
    "name": "Bawarchi",
    "rating": 4.1,
    "diningRating": 4.3,
    "cuisine": [
      "North Indian",
      "Mughlai",
      "Biryani",
      "Chinese",
      "Momos",
      "Rolls",
      "Fast Food",
      "Asian",
      "Chicken"
    ],
    "cost": 450,
    "deliveryTime": 44,
    "safeDelivery": true
  },
  {
    "imageUrl": "https://b.zmtcdn.com/data/dish_photos/a86/9d41437c7189f1fb68962d85d238aa86.jpg",
    "discountText": "50% OFF",
    "name": "Sandoz",
    "rating": 4.2,
    "diningRating": 4.0,
    "cuisine": [
      "North Indian",
      "Chinese",
      "Mughlai",
      "Rolls",
      "Fast Food",
      "Pizza",
      "Chicken"
    ],
    "cost": 450,
    "deliveryTime": 26,
    "safeDelivery": true
  },
  {
    "imageUrl": "https://b.zmtcdn.com/data/dish_photos/b1c/fa582ec112fd00def9a70784eacecb1c.jpg",
    "discountText": "50% OFF",
    "name": "Faasos - Wraps & Rolls",
    "rating": 4.1,
    "diningRating": 0,
    "cuisine": ["Rolls", "Wraps", "Shawarma"],
    "cost": 300,
    "deliveryTime": 24,
    "safeDelivery": true
  },
  {
    "imageUrl": "https://b.zmtcdn.com/data/dish_photos/952/7b776e89e638ca82aa88beb1e0cfa952.jpg",
    "discountText": "50% OFF",
    "name": "Third Wave Coffee",
    "rating": 4.2,
    "diningRating": 3.8,
    "cuisine": [
      "Cafe",
      "Coffee",
      "Tea",
      "Beverages",
      "Sandwich",
      "Fast Food",
      "Desserts",
      "Pizza",
      "Rolls"
    ],
    "cost": 200,
    "deliveryTime": 21,
    "safeDelivery": false
  },
  {
    "imageUrl": "https://b.zmtcdn.com/data/pictures/chains/1/491/aa50c08ea5ade50a6d1c2d7aca242a1c_o2_featured_v2.jpg",
    "discountText": "50% OFF",
    "name": "Bikanerwala",
    "rating": 4.3,
    "diningRating": 3.5,
    "cuisine": [
      "Mithai",
      "North Indian",
      "South Indian",
      "Street Food",
      "Fast Food",
      "Juices",
      "Beverages",
      "Desserts"
    ],
    "cost": 250,
    "deliveryTime": 25,
    "safeDelivery": true
  },
  {
    "imageUrl": "https://b.zmtcdn.com/data/dish_photos/7e1/2774be09bd6b1b2f45508ceb350cb7e1.png",
    "discountText": "50% OFF",
    "name": "Haldiram's",
    "rating": 3.8,
    "diningRating": 2.6,
    "cuisine": [
      "North Indian",
      "Chinese",
      "South Indian",
      "Street Food",
      "Continental",
      "Mithai",
      "Beverages",
      "Desserts"
    ],
    "cost": 250,
    "deliveryTime": 33,
    "safeDelivery": false
  },
  {
    "imageUrl": "https://b.zmtcdn.com/data/dish_photos/7cb/518eec3d0fb0326135f797dfce9967cb.jpg",
    "discountText": "40% OFF",
    "name": "Dasaprakash",
    "rating": 4.2,
    "diningRating": 4.3,
    "cuisine": [
      "North Indian",
      "South Indian",
      "Chinese",
      "Fast Food",
      "Beverages"
    ],
    "cost": 100,
    "deliveryTime": 45,
    "safeDelivery": false
  },
  {
    "imageUrl": "https://b.zmtcdn.com/data/pictures/7/19558407/f4ef7ce2ef16bf754e541e283f96c6f2.jpg",
    "discountText": "50% OFF",
    "name": "South Indian Corner",
    "rating": 3.8,
    "diningRating": 0,
    "cuisine": ["South Indian", "Chinese"],
    "cost": 100,
    "deliveryTime": 37,
    "safeDelivery": true
  },
  {
    "imageUrl": "https://b.zmtcdn.com/data/dish_photos/af6/e48ec990ff80206d2445092a75673af6.jpg",
    "discountText": "50% OFF",
    "name": "Subway",
    "rating": 3.9,
    "diningRating": 3.4,
    "cuisine": [
      "Healthy Food",
      "Sandwich",
      "Fast Food",
      "Wraps",
      "Salad",
      "Beverages"
    ],
    "cost": 300,
    "deliveryTime": 17,
    "safeDelivery": true
  },
  {
    "imageUrl": "https://b.zmtcdn.com/data/dish_photos/be2/a15837305004b16dda92057273790be2.jpeg",
    "discountText": "50% OFF",
    "name": "Caterspoint",
    "rating": 4.2,
    "diningRating": 0,
    "cuisine": [
      "Healthy Food",
      "Sandwich",
      "Fast Food",
      "Italian",
      "Salad",
      "Beverages",
      "Continental",
      "Desserts"
    ],
    "cost": 300,
    "deliveryTime": 43,
    "safeDelivery": true
  },
  {
    "imageUrl": "https://b.zmtcdn.com/data/dish_photos/008/00609357544da634c472b9a4ff58e008.jpg",
    "discountText": "50% OFF",
    "name": "Berco's - If You Love Chinese",
    "rating": 4.1,
    "diningRating": 3.8,
    "cuisine": ["Chinese", "Thai", "Asian"],
    "cost": 150,
    "deliveryTime": 28,
    "safeDelivery": true
  },
  {
    "imageUrl": "https://b.zmtcdn.com/data/dish_photos/38b/7e50ed5efee8a892ab41ad66fa49038b.jpg",
    "discountText": "50% OFF",
    "name": "Khana Khajana",
    "rating": 4.2,
    "diningRating": 4.1,
    "cuisine": ["North Indian", "Chinese"],
    "cost": 150,
    "deliveryTime": 52,
    "safeDelivery": true
  }
]
